{
  "Noise": {
    "seed": 217487000,
    "perlinScale": 2.141200065612793,
    "randomseed": 121220000,
    "NoiseFalloff": 0.07666666805744171,
    "NoiseLod": 3
  },
  "Style": {
    "backgroundColor": -16118253,
    "lineColor": -8408107,
    "lineWidth": 0.30000001192092896
  },
  "Main": {
    "curvitude": 1.9300000667572021,
    "NbLines": 3567,
    "NbSteps": 434,
    "len_step": 13.333333969116211
  }
}